class,gender,n_samples,ale,std,median
Class1,men,10,5.311028287721717,2.8765602502549905,4.793263912200928
Class1,women,10,4.411852675028469,2.5340022072188155,3.9271658658981323
Class2,men,10,5.2726510209881745,3.7800245281147284,4.3046629428863525
Class2,women,10,4.664286063028419,2.815423240974728,3.972119688987732
Class3,men,10,5.081556220676588,2.72052972485531,4.719993352890015
Class3,women,10,4.78768129620863,4.572786246950804,3.6920114755630493
