class,gender,n_samples,ale,std,median
Class1,men,10,6.396985564154128,3.8349251674113924,5.78025221824646
Class1,women,10,5.31119949221611,3.0370072346491224,4.773022890090942
Class2,men,10,6.503366173350293,4.4605899381570735,5.637396812438965
Class2,women,10,5.895639507666878,3.86106418694897,5.307474374771118
Class3,men,10,6.100906306116477,3.3753579488146133,5.839515924453735
Class3,women,10,5.892747030180433,5.321580251562446,4.905375242233276
