{
  "metric": "Average Localization Error (mean Euclidean distance over 23 landmarks)",
  "unit": "dataset coordinate unit after optional transformation",
  "model": "DiffusionNet point-cloud landmark classification adaptation",
  "n_train": 180,
  "n_val": 60,
  "n_test": 60,
  "surface_points": 1024,
  "k_eig": 32,
  "sigma": 0.05,
  "best_val_loss": 1.5587397754192351,
  "test_loss": 1.5540641923745473,
  "diffusionnet_heatmap": {
    "ale": 6.016807345614053,
    "std": 4.069465639511388,
    "median": 5.336475133895874,
    "max": 56.97850036621094,
    "per_landmark_ale": [
      9.670320813854536,
      6.200915550192197,
      5.178490706284841,
      5.439898548523585,
      6.697094302376112,
      4.770319343606631,
      4.70481379032135,
      4.689568066596985,
      4.815131272872289,
      5.664685786763827,
      5.889175054430962,
      6.941925537586212,
      6.355660005410512,
      5.764953838785489,
      6.221796093384425,
      6.450040386120478,
      5.833235830565294,
      4.510521733264128,
      4.439701320479314,
      5.3249408523241675,
      5.5050978168845175,
      8.569630709538858,
      8.748651588956514
    ],
    "per_sample_ale": [
      5.599115034808284,
      4.338291238183561,
      7.379158885582633,
      5.718270110047382,
      5.4299281550490335,
      7.358513412268265,
      5.161688128243322,
      4.908928104068922,
      7.3836942496507065,
      7.0652327122895615,
      5.200827515643576,
      4.496710557652556,
      8.037635062051857,
      5.51732402910357,
      5.306949434073075,
      5.466243505477905,
      5.5049634549928745,
      5.262389328168786,
      6.399527798528257,
      4.450039381566255,
      6.625441963257997,
      4.846715165221172,
      5.18035338235938,
      7.354312720506088,
      6.273242572079534,
      4.335333336954531,
      5.075132769087086,
      11.590122336926667,
      7.761262074760769,
      4.754141666319059,
      6.84821109149767,
      4.800213785275169,
      5.5159652259038845,
      3.7939150437064795,
      5.656698133634484,
      4.463883083799611,
      3.462149874023769,
      4.516602311445319,
      8.674053030817404,
      4.9892460496529285,
      6.635989919952724,
      7.946093546307606,
      6.534140249957209,
      6.370587867239247,
      9.474005491837211,
      5.068115602368894,
      8.55755296997402,
      4.185010317874991,
      4.809519596721815,
      7.34140419960022,
      6.290709404841714,
      5.557356551937435,
      5.586498654407004,
      4.668092219725899,
      5.875133177508479,
      6.991369952326235,
      5.0867616715638535,
      9.889119723568792,
      6.1199325478595235,
      5.518621356590934
    ]
  }
}