{
  "metric": "Average Localization Error (mean Euclidean distance over 23 landmarks)",
  "unit": "dataset coordinate unit after optional transformation",
  "model": "DiffusionNet point-cloud landmark classification adaptation",
  "n_train": 180,
  "n_val": 60,
  "n_test": 60,
  "surface_points": 1024,
  "k_eig": 32,
  "sigma": 0.05,
  "input_features": "xyz",
  "hks_dim": 16,
  "refine_topk": 10,
  "refine_temperature": 0.5,
  "test_loss": 1.5540641923745473,
  "diffusionnet_heatmap": {
    "ale": 4.921509260608667,
    "std": 3.3132833597776505,
    "median": 4.261746168136597,
    "max": 41.50696563720703,
    "per_landmark_ale": [
      7.627348953485489,
      4.943468686938286,
      4.341286008556684,
      4.158087249596914,
      4.582511393229167,
      3.763930513461431,
      3.8790093436837196,
      3.7805647720893223,
      4.085588646431764,
      4.678763407468796,
      5.084715960423152,
      5.150623834133148,
      5.263070684671402,
      4.651599680384,
      5.212990865111351,
      5.478905645012856,
      5.004314283529918,
      4.116204937299092,
      3.6073484549919765,
      4.021418266991774,
      4.4313266267379126,
      7.645290110508601,
      7.686344669262568
    ],
    "per_sample_ale": [
      4.245189368724823,
      3.726756671200628,
      6.58354111339735,
      4.980406465737716,
      4.315428719572399,
      6.4853019869845845,
      3.964947892271954,
      3.99756730121115,
      5.728096744288569,
      5.553651633469955,
      3.521759546321371,
      2.9542413094769353,
      6.256405029607856,
      4.5519590325977495,
      3.7918344373288364,
      4.823604995789736,
      5.08684574002805,
      4.5747121909390325,
      4.851340594499008,
      3.301324179638987,
      5.347611133171164,
      4.002590156119803,
      4.149928818578306,
      4.802995857985123,
      6.3590867312058155,
      3.3174975566242053,
      4.393208420794943,
      10.531319929205853,
      5.789322096368541,
      4.351310678150343,
      6.026096520216568,
      3.231240003005318,
      5.0137052328690235,
      3.1827861070632935,
      5.333877729332966,
      3.2475352494612983,
      3.3141983021860537,
      3.670447507630224,
      6.864835625109465,
      3.9369723382203476,
      5.752743306367294,
      6.874374099399732,
      5.120886724928151,
      4.57173759781796,
      8.477606985879982,
      3.6369749825933706,
      7.093506035597428,
      3.51012282786162,
      4.201600546422212,
      5.943320398745329,
      4.911614949288576,
      4.772310023722441,
      4.852855993353802,
      4.0335053568301,
      4.048923274745112,
      5.436548233032227,
      4.0453855861788215,
      7.926333624383678,
      4.681097051371699,
      5.237627091615097
    ]
  }
}