class,gender,n_samples,ale,std,median
Class1,men,10,4.277850999715535,2.723760096352445,3.7971575260162354
Class1,women,10,3.5281122010039248,2.3404708541962225,2.8575656414031982
Class2,men,10,4.164983719004237,2.7815207880017994,3.670742630958557
Class2,women,10,3.437926284968853,2.404822079818594,2.948935866355896
Class3,men,10,4.122943737195886,2.857082187454573,3.4491679668426514
Class3,women,10,3.9385742882023687,3.510854956440032,3.077720046043396
