{
  "metric": "Average Localization Error (mean Euclidean distance over 23 landmarks)",
  "unit": "dataset coordinate unit after optional transformation",
  "model": "DiffusionNet point-cloud landmark classification adaptation",
  "n_train": 180,
  "n_val": 60,
  "n_test": 60,
  "surface_points": 2048,
  "use_mesh_vertices": false,
  "k_eig": 48,
  "sigma": 0.04,
  "mask_radius": 3.5,
  "loss_mode": "mask_bce",
  "positive_weight": 0.0,
  "input_features": "xyz",
  "hks_dim": 16,
  "refine_topk": 20,
  "refine_temperature": 0.5,
  "postprocess": "topk_softmax",
  "width": 64,
  "blocks": 4,
  "mlp_hidden_dims": [
    128
  ],
  "test_loss": 0.01740595589702328,
  "diffusionnet_heatmap": {
    "ale": 3.9117318716818006,
    "std": 2.8142757395641844,
    "median": 3.3255248069763184,
    "max": 29.60797882080078,
    "per_landmark_ale": [
      5.230304418007533,
      3.848428605993589,
      3.59525288939476,
      2.7990735113620757,
      3.0895587464173633,
      2.842444711923599,
      2.6044345155358313,
      3.00223965421319,
      3.1550966262817384,
      3.540344407161077,
      3.81870572467645,
      3.615157320102056,
      3.8256821264823277,
      4.267363146940867,
      4.1772605250279105,
      4.365838159124056,
      4.679635202884674,
      3.4448323210080463,
      2.9078518187006313,
      3.8668594380219776,
      3.3964162287612756,
      7.633813049395879,
      6.263239901264509
    ],
    "per_sample_ale": [
      3.339071532306464,
      3.4189507157906243,
      6.295374466025311,
      3.6868009120225906,
      4.26023168667503,
      5.464073896408081,
      3.756191689035167,
      2.81441911407139,
      5.136702190274778,
      4.441374509230904,
      3.2061013501623403,
      2.8398709582245867,
      3.891603060390638,
      4.1602319427158525,
      3.155581349911897,
      4.1839365544526474,
      3.2615988500740216,
      3.830120299173438,
      3.805176957793858,
      2.603739642578623,
      4.393006946729577,
      2.714020638362221,
      2.6657647179520647,
      4.878129223118657,
      5.258640874987063,
      3.2444309644077136,
      3.4241134135619453,
      8.352049666902293,
      3.9678032709204634,
      2.927470792894778,
      3.664515871068706,
      3.0079288404920828,
      3.8413785981095354,
      2.6427793217741926,
      4.235511895755063,
      2.8146174809207087,
      3.06790380374245,
      3.0173546360886614,
      5.06499183177948,
      3.076972769006439,
      4.3090381803719895,
      5.058048473752064,
      5.199163789334505,
      2.874634566514388,
      5.608536181242569,
      3.0842970402344414,
      4.654921202555947,
      3.4800663616346275,
      3.0601589679718018,
      3.512590491253397,
      5.244582347247912,
      3.369698783625727,
      3.8842933048372683,
      3.6687735241392385,
      3.135058667348779,
      4.7162664351256,
      2.708059090635051,
      5.935570105262425,
      3.307486119477645,
      4.082131432450336
    ]
  }
}