class,gender,n_samples,ale,std,median
Class1,men,10,4.320928864116254,2.7304281886857145,3.7942605018615723
Class1,women,10,3.8167223234539445,2.452643857346315,3.3270493745803833
Class2,men,10,4.090887245665426,2.7836757298490036,3.5630980730056763
Class2,women,10,3.7094869196414946,2.489931072547784,3.1195653676986694
Class3,men,10,4.19428638699262,2.5283407122070884,3.6950308084487915
Class3,women,10,4.1199571108040605,3.53248414790431,3.3485132455825806
