{
  "metric": "Average Localization Error (mean Euclidean distance over 23 landmarks)",
  "unit": "dataset coordinate unit after optional transformation",
  "model": "DiffusionNet point-cloud landmark classification adaptation",
  "n_train": 180,
  "n_val": 60,
  "n_test": 60,
  "surface_points": 2048,
  "use_mesh_vertices": false,
  "k_eig": 48,
  "sigma": 0.04,
  "mask_radius": 3.5,
  "loss_mode": "mask_bce",
  "positive_weight": 0.0,
  "input_features": "xyz",
  "hks_dim": 16,
  "refine_topk": 1,
  "refine_temperature": 1.0,
  "postprocess": "sigmoid_weighted",
  "width": 64,
  "blocks": 4,
  "mlp_hidden_dims": [
    128
  ],
  "test_loss": 0.01740595594358941,
  "diffusionnet_heatmap": {
    "ale": 4.042044808445634,
    "std": 2.7857085576403304,
    "median": 3.444617748260498,
    "max": 33.220611572265625,
    "per_landmark_ale": [
      8.064745966593424,
      4.206091915567716,
      3.0358912830551463,
      4.1577972610791525,
      3.537421367565791,
      2.347764671842257,
      2.5167622288068134,
      3.3670854449272154,
      2.77932009100914,
      3.5597389549016953,
      3.6469265123208365,
      3.78761701186498,
      4.04971565802892,
      4.035173077384631,
      4.040615612268448,
      4.386772714058558,
      4.766069931785266,
      2.971882519622644,
      2.5253887211283046,
      3.5978195389111836,
      3.4136254688103995,
      7.8507663687070215,
      6.322038274010023
    ],
    "per_sample_ale": [
      3.0708817839622498,
      3.8001312017440796,
      6.307855891144794,
      4.26253713991331,
      4.303337926449983,
      4.301496142926424,
      3.598890193130659,
      3.191935632539832,
      4.454295365706734,
      4.252954589283985,
      3.738892949145773,
      3.250461495440939,
      3.4341990844063135,
      4.572490619576496,
      2.8639001068861587,
      4.080395315004432,
      3.285238970880923,
      3.8025972895000293,
      3.78425103166829,
      3.3421997855538907,
      4.481370871481688,
      3.067192678866179,
      2.828618630118992,
      4.913445996201557,
      4.810560055401014,
      3.173137073931487,
      3.4973928565564365,
      8.229695724404376,
      4.452517981114595,
      3.310918839081474,
      3.2610824678255166,
      2.9334999400636423,
      4.03050901060519,
      2.9425036648045415,
      5.025254394697106,
      3.0498444645301155,
      3.5469067018965017,
      3.5760085790053657,
      5.060303698415342,
      3.766536365384641,
      4.685579413953035,
      4.849414072606875,
      5.252314982206925,
      3.252913156281347,
      5.072332941967508,
      3.6462742038395093,
      5.382141105506731,
      3.576648981674858,
      3.6400574342064234,
      4.043791760569033,
      4.783471747584965,
      3.619921116725258,
      3.759874279084413,
      3.828371611626252,
      3.31756273559902,
      4.332718810309535,
      3.507028237633083,
      6.401706312013709,
      3.398601710796356,
      4.515721383302108
    ]
  }
}