class,gender,n_samples,ale,std,median
Class1,men,10,4.111446325157,2.6713275559968896,3.533819556236267
Class1,women,10,3.4478304356336595,2.330005715976716,2.778920531272888
Class2,men,10,3.9215814791295838,2.6821033929949785,3.3493391275405884
Class2,women,10,3.3487540250239163,2.4034069841002776,2.7169452905654907
Class3,men,10,3.939651424858881,2.73162573131688,3.3880807161331177
Class3,women,10,3.8376762912325235,3.4558645856701284,2.953447461128235
