{
  "metric": "Average Localization Error (mean Euclidean distance over 23 landmarks)",
  "unit": "dataset coordinate unit after optional transformation",
  "model": "DiffusionNet point-cloud landmark classification adaptation",
  "n_train": 180,
  "n_val": 60,
  "n_test": 60,
  "surface_points": 2048,
  "use_mesh_vertices": false,
  "k_eig": 48,
  "sigma": 0.04,
  "mask_radius": 3.5,
  "loss_mode": "mask_bce",
  "positive_weight": 0.0,
  "input_features": "xyz",
  "hks_dim": 16,
  "refine_topk": 10,
  "refine_temperature": 1.0,
  "postprocess": "topk_softmax",
  "width": 64,
  "blocks": 4,
  "mlp_hidden_dims": [
    128
  ],
  "test_loss": 0.01740595595911145,
  "diffusionnet_heatmap": {
    "ale": 3.767823330172594,
    "std": 2.750571990718458,
    "median": 3.1059213876724243,
    "max": 29.659547805786133,
    "per_landmark_ale": [
      5.055211772521337,
      3.836181499560674,
      3.3280684113502503,
      2.5784683485825854,
      3.011055421829224,
      2.487308924396833,
      2.460080931087335,
      2.885191774368286,
      3.026837800939878,
      3.2719638059536615,
      3.656162463625272,
      3.4842501213153203,
      3.677618695298831,
      4.147764658431212,
      4.0858132580916084,
      4.27457516392072,
      4.635586042205492,
      3.191870740056038,
      2.6521955519914626,
      3.677507285277049,
      3.318775413433711,
      7.6791678686936695,
      6.238280641039212
    ],
    "per_sample_ale": [
      2.878519243520239,
      3.282723260962445,
      6.155305621416672,
      3.6833489018937815,
      4.174168985822926,
      5.113684306973997,
      3.4952976055767224,
      2.823367072188336,
      4.716590083163718,
      4.1928500714509385,
      3.1159045152042224,
      2.7904067894686824,
      3.569176596143971,
      4.144480617150016,
      2.7207383694856064,
      4.046930344208427,
      3.015508286331011,
      3.4770600484765093,
      3.6082951918892237,
      2.569263554137686,
      4.089318793752919,
      2.6800787785778875,
      2.543086500271507,
      4.761748142864393,
      5.077919426171676,
      2.9998100762781887,
      3.2867147818855615,
      8.363010188807612,
      3.794255969317063,
      2.7612922113874685,
      3.317777104999708,
      2.8158077442127727,
      3.6567269032416134,
      2.5858321306498153,
      4.296761826328609,
      2.6358055057732956,
      2.9750626501829727,
      3.0807308476904165,
      4.977146195328754,
      3.200045883655548,
      4.2920916909756865,
      4.763957863268645,
      4.8326187444769815,
      2.7257856130599976,
      5.312343151673026,
      2.96770599614019,
      4.823218884675399,
      3.2739312907923823,
      3.104013620511345,
      3.258567188097083,
      5.055378691009853,
      3.281238986098248,
      3.8386402855748716,
      3.5452230443125186,
      3.023081846859144,
      4.563977267431176,
      2.8151975429576375,
      6.117259543874989,
      3.0098771530648936,
      3.9927402786586597
    ]
  }
}