class,gender,n_samples,ale,std,median
Class1,men,2,73.48349596106488,16.474212942068213,69.9903564453125
