class,gender,n_samples,ale,std,median
Class1,men,10,4.111122667271158,2.665521087649336,3.5614389181137085
Class1,women,10,3.435863274595012,2.299127870079605,2.7499672174453735
Class2,men,10,3.9145978564801425,2.6803239085609016,3.3494386672973633
Class2,women,10,3.3361034846824147,2.38474243152788,2.5791585445404053
Class3,men,10,3.9416194076123445,2.7167047565419975,3.3524017333984375
Class3,women,10,3.8448438433201417,3.5186024245247265,2.960618734359741
