{
  "metric": "Average Localization Error (mean Euclidean distance over 23 landmarks)",
  "unit": "dataset coordinate unit after optional transformation",
  "model": "DiffusionNet point-cloud landmark classification adaptation",
  "n_train": 180,
  "n_val": 60,
  "n_test": 60,
  "surface_points": 2048,
  "use_mesh_vertices": false,
  "k_eig": 48,
  "sigma": 0.04,
  "mask_radius": 3.5,
  "loss_mode": "mask_bce",
  "positive_weight": 0.0,
  "input_features": "xyz",
  "hks_dim": 16,
  "refine_topk": 1,
  "refine_temperature": 1.0,
  "postprocess": "softmax",
  "width": 64,
  "blocks": 4,
  "mlp_hidden_dims": [
    128
  ],
  "best_val_loss": 0.016121277927110593,
  "test_loss": 0.017405955865979195,
  "diffusionnet_heatmap": {
    "ale": 3.7640250889935354,
    "std": 2.753639999569626,
    "median": 3.1013134717941284,
    "max": 31.135150909423828,
    "per_landmark_ale": [
      5.113290846347809,
      3.8406795859336853,
      3.329059500495593,
      2.5876070141792296,
      3.0140679826339087,
      2.486556099851926,
      2.459436114132404,
      2.88581427137057,
      3.025666051109632,
      3.272491576274236,
      3.657966222365697,
      3.480205366015434,
      3.672997936606407,
      4.125722143550714,
      4.075094145536423,
      4.272841035326322,
      4.622068855166435,
      3.1924732754627865,
      2.649559323489666,
      3.6768526126941046,
      3.3158338765303292,
      7.623919151226679,
      6.192374060551326
    ],
    "per_sample_ale": [
      2.881769053314043,
      3.281411113946334,
      6.156887702319933,
      3.702783708987029,
      4.181343472522238,
      5.120256957800492,
      3.439130619816158,
      2.838389015716055,
      4.709606258765511,
      4.192079642544622,
      3.127624448226846,
      2.7437544568725256,
      3.538838744163513,
      4.159163003382475,
      2.723619606183923,
      4.026810516481814,
      2.9898892381916875,
      3.4761441686879033,
      3.5814910582874133,
      2.5883543672768967,
      4.08095908164978,
      2.6866623137308205,
      2.4801466775977095,
      4.752052851345228,
      5.090339111245197,
      2.9388443672138713,
      3.2809179010598557,
      8.464224462923797,
      3.7764009289119556,
      2.8071385103723276,
      3.317874208740566,
      2.8110877145891604,
      3.6459646134272865,
      2.613031542819479,
      4.289851681045864,
      2.634465435276861,
      2.993733076945595,
      3.012076815833216,
      4.995192937228991,
      3.1851770800092947,
      4.2430093029271,
      4.8026352395182075,
      4.8196554935496785,
      2.761697318242944,
      5.304387750832931,
      2.9409253260363704,
      4.868410828320877,
      3.2700214204580886,
      3.125226352525794,
      3.2571295292481133,
      5.042185881863469,
      3.263170255267102,
      3.8187784267508467,
      3.5101822200028794,
      3.014661027037579,
      4.535166071808857,
      2.8282693352388297,
      6.1121285635492075,
      3.016858028328937,
      3.9915185026500537
    ]
  }
}