class,gender,n_samples,ale,std,median
Class1,men,10,5.001725318120873,2.942239151846355,4.649234056472778
Class1,women,10,4.332515233755112,3.0363195790030226,3.6900219917297363
Class2,men,10,4.66926512433135,2.9097490717539105,4.200296401977539
Class2,women,10,4.776179288262906,3.577934683283919,4.127136707305908
Class3,men,10,5.159380541936211,4.347254793866307,4.357105255126953
Class3,women,10,4.388193917274475,3.656325054696615,3.333829402923584
