class,gender,n_samples,ale,std,median
Class1,men,10,5.081153190913407,3.006333488304367,4.693124294281006
Class1,women,10,4.297634058542873,2.8636774573100228,3.698218822479248
Class2,men,10,4.598701363154079,2.7965061652694616,4.0538060665130615
Class2,women,10,4.7414578725462375,3.4695359016765197,4.109936952590942
Class3,men,10,5.125826388597488,4.225360635432118,4.236803770065308
Class3,women,10,4.277676508219346,3.4271562946429603,3.2958253622055054
