{
  "metric": "Average Localization Error (mean Euclidean distance over 23 landmarks)",
  "unit": "dataset coordinate unit after optional transformation",
  "model": "DiffusionNet point-cloud landmark classification adaptation",
  "n_train": 180,
  "n_val": 60,
  "n_test": 60,
  "surface_points": 1024,
  "k_eig": 48,
  "sigma": 0.05,
  "input_features": "xyz_hks",
  "hks_dim": 16,
  "refine_topk": 10,
  "refine_temperature": 1.0,
  "test_loss": 1.5235442519187927,
  "diffusionnet_heatmap": {
    "ale": 4.687074896995572,
    "std": 3.3509632362752377,
    "median": 3.97591495513916,
    "max": 41.556949615478516,
    "per_landmark_ale": [
      6.388460723559062,
      4.956857680281003,
      3.4874238540728886,
      3.453671564658483,
      3.7894754906495414,
      3.378475195169449,
      3.317319855093956,
      3.443630521496137,
      3.6653813178340595,
      3.9876081148783364,
      4.759217588106791,
      4.596929140885671,
      4.83447579741478,
      4.465791282057762,
      4.906344497203827,
      4.977988195419312,
      5.403462253014246,
      3.7580088992913563,
      3.5815605322519937,
      4.133471747736136,
      4.294248420993487,
      9.623194696505864,
      8.599725262324016
    ],
    "per_sample_ale": [
      4.465796543204266,
      4.409814565078072,
      5.727248907089233,
      4.985454958418141,
      5.115715129219967,
      5.0347255183302835,
      3.4169320723284846,
      3.263063819512077,
      4.674067004867222,
      6.319549301396245,
      4.116497402605803,
      2.9242353957632314,
      4.485466703124668,
      5.538028167641682,
      3.5447941526122717,
      3.9149707529855813,
      5.927898593570875,
      3.512470245361328,
      4.114644403043001,
      3.0884389359018076,
      4.937182322792385,
      3.657820323239202,
      4.14049798509349,
      4.861386247303175,
      4.909026814543682,
      3.6350815296173096,
      4.262280308681985,
      7.703059222387231,
      5.043278336524963,
      4.407852022544198,
      5.827503069587376,
      2.555141381595446,
      4.934982610785442,
      3.5316325788912564,
      5.088320975718291,
      3.9459587931632996,
      4.501856665248456,
      3.498975484267525,
      7.432905425196108,
      4.393475618051446,
      4.785523031068885,
      7.621895173321599,
      6.97889316600302,
      3.647682319516721,
      5.503054846888003,
      3.37649216859237,
      6.716372977132383,
      3.6964985132217407,
      4.016416368277176,
      4.459492035534071,
      4.607086813968161,
      4.868619545646336,
      4.653221208116283,
      4.5936245529547985,
      4.245487620001254,
      5.362952030223349,
      4.242873611657516,
      6.169038192085598,
      5.265206715335017,
      4.566032642903536
    ]
  }
}