{
  "metric": "Average Localization Error (mean Euclidean distance over 23 landmarks)",
  "unit": "dataset coordinate unit after optional transformation",
  "model": "DiffusionNet point-cloud landmark classification adaptation",
  "n_train": 180,
  "n_val": 60,
  "n_test": 60,
  "surface_points": 1024,
  "k_eig": 48,
  "sigma": 0.05,
  "input_features": "xyz_hks",
  "hks_dim": 16,
  "refine_topk": 5,
  "refine_temperature": 1.0,
  "best_val_loss": 1.4870620747407277,
  "test_loss": 1.5235442519187927,
  "diffusionnet_heatmap": {
    "ale": 4.721209903946821,
    "std": 3.462898273418059,
    "median": 4.028183221817017,
    "max": 42.20991134643555,
    "per_landmark_ale": [
      6.5890015929937364,
      4.703478041291237,
      3.5989635159571964,
      3.436371753613154,
      3.731438591082891,
      3.4046725849310557,
      3.3344607879718144,
      3.4476453185081484,
      3.7068248629570006,
      3.999146480361621,
      4.714731729030609,
      4.569764130314192,
      4.941441971063614,
      4.4744674324989315,
      4.794435503085454,
      4.883979400992393,
      5.230981994668642,
      3.8103396614392597,
      3.6695829957723616,
      4.222734434405963,
      4.426350234945615,
      9.897647196054459,
      8.999367576837539
    ],
    "per_sample_ale": [
      4.81744103587192,
      4.386336127053136,
      5.6319650670756465,
      5.047618420227714,
      5.019986686499222,
      4.802055563615716,
      3.482155571813169,
      3.234546987906746,
      4.751766272213148,
      6.2181699690611465,
      4.280469142872354,
      2.9172429649726204,
      4.4166017304296075,
      5.517290151637534,
      3.598186456638834,
      4.357474005740622,
      6.0648766911548115,
      3.9346143214598945,
      4.235061287879944,
      3.2420577199562737,
      4.972897910553476,
      3.634374304958012,
      3.9995878986690356,
      4.758436477702597,
      4.790435153505077,
      3.71223493244337,
      4.503944936005966,
      8.148372963718746,
      4.9118946505629495,
      4.347730595132579,
      5.850776568703029,
      2.3757690087608667,
      4.802735041017118,
      3.515839672606924,
      5.334049245585566,
      3.9012289228646653,
      4.492035381172014,
      3.605667772500411,
      7.603441476821899,
      4.283049446085225,
      4.926516087158866,
      7.8493629693984985,
      6.951582976009535,
      3.8201167946276455,
      5.290734145952308,
      3.4529939164286074,
      6.912762398305147,
      3.73487839491471,
      3.9335726706878,
      4.471692551737246,
      4.794009447097778,
      4.777330717314845,
      4.744188241336657,
      4.531764833823495,
      4.263136975143267,
      5.382650548997133,
      4.351782150890516,
      5.986287946286409,
      4.906171207842619,
      4.6906407294066055
    ]
  }
}