class,gender,n_samples,ale,std,median
Class1,men,6,146.84953711689383,36.20269714215976,150.33685302734375
