{
  "metric": "Average Localization Error (mean Euclidean distance over 23 landmarks)",
  "unit": "dataset coordinate unit after optional transformation",
  "model": "DiffusionNet heatmap point-cloud adaptation",
  "n_train": 18,
  "n_val": 6,
  "n_test": 6,
  "surface_points": 256,
  "k_eig": 8,
  "sigma": 0.04,
  "best_val_loss": 0.20520604898532233,
  "test_loss": 0.20583031326532364,
  "diffusionnet_heatmap": {
    "ale": 146.84953711689383,
    "std": 36.20269714215976,
    "median": 150.33685302734375,
    "max": 219.23733520507812,
    "per_landmark_ale": [
      152.01903533935547,
      154.61063130696616,
      132.08408228556314,
      199.78846740722656,
      124.08146413167317,
      89.39477666219075,
      175.5672353108724,
      165.1710688273112,
      163.76968129475912,
      153.32799275716147,
      136.21777216593424,
      154.84137725830078,
      184.21929423014322,
      73.84442774454753,
      182.74797566731772,
      154.12931696573892,
      124.584046681722,
      171.72982025146484,
      127.90419896443684,
      125.88730112711589,
      149.37676366170248,
      179.71818033854166,
      102.52444330851237
    ],
    "per_sample_ale": [
      137.42166966977328,
      148.03936833920687,
      158.1637901637865,
      136.26033650273862,
      141.3148773856785,
      159.8971806401792
    ]
  }
}